item_id,scientific_accuracy_1_4,relevance_1_4,clarity_1_4,level_appropriateness_1_4,distractor_diagnosticity_1_4,multiple_defensible_answers_yes_no,recommendation,comments
E01,,,,,,,,
E02,,,,,,,,
E03,,,,,,,,
E04,,,,,,,,
E05,,,,,,,,
E06,,,,,,,,
E07,,,,,,,,
E08,,,,,,,,
E09,,,,,,,,
E10,,,,,,,,
E11,,,,,,,,
E12,,,,,,,,
E13,,,,,,,,
E14,,,,,,,,
E15,,,,,,,,
E16,,,,,,,,
E17,,,,,,,,
E18,,,,,,,,
E19,,,,,,,,
E20,,,,,,,,
E21,,,,,,,,
E22,,,,,,,,
E23,,,,,,,,
E24,,,,,,,,
E25,,,,,,,,
E26,,,,,,,,
E27,,,,,,,,
E28,,,,,,,,
E29,,,,,,,,
E30,,,,,,,,
E31,,,,,,,,
E32,,,,,,,,
E33,,,,,,,,
E34,,,,,,,,
E35,,,,,,,,
E38,,,,,,,,
E39,,,,,,,,
E40,,,,,,,,
S01,,,,,,,,
S02,,,,,,,,
S03,,,,,,,,
S04,,,,,,,,
S05,,,,,,,,
S06,,,,,,,,
S07,,,,,,,,
S08,,,,,,,,
S09,,,,,,,,
S10,,,,,,,,
S11,,,,,,,,
S12,,,,,,,,
S13,,,,,,,,
